query_id,doc_id
1,6389
2,4182
3,3390
4,563
5,2091
6,254
7,6112
8,5074
9,2679
10,2206
11,555
12,2253
13,2311
14,659
15,3256
16,2183
17,4548
18,4209
19,6229
20,52
21,4966
22,5639
23,4393
24,5986
25,477
26,1079
27,2909
28,3532
29,6359
30,5025
31,4720
32,2309
33,2753
34,317
35,206
36,3821
37,4070
38,830
39,1476
40,1910
41,258
42,5444
43,1657
44,1504
45,129
46,1217
47,1983
48,3244
49,4144
50,2258
51,1009
52,4939
53,3372
54,2941
55,3814
56,3353
57,4604
58,3551
59,3282
60,5931
61,6569
62,4567
63,134
64,6574
65,5905
66,4158
67,6459
68,5168
69,6180
70,2050
71,2334
72,5290
73,6001
74,6060
75,4692
76,1897
77,4836
78,6572
79,5234
80,2731
81,1135
82,986
83,5494
84,1093
85,4889
86,549
87,1595
88,5581
89,4788
90,915
91,5507
92,5526
93,925
94,2120
95,3086
96,2445
97,5404
98,5146
99,787
100,5934
101,4258
102,1555
103,3635
104,1032
105,3072
106,4453
107,4946
108,1227
109,4563
110,2577
111,1190
112,6576
113,199
114,2504
115,1877
116,3779
117,4124
118,6204
119,6430
120,2384
121,4858
122,3969
123,1520
124,3054
125,1184
126,778
127,163
128,3781
129,2191
130,4987
131,1477
132,2397
133,1837
134,61
135,6714
136,5811
137,2318
138,2188
139,1511
140,4207
141,5504
142,3001
143,3868
144,1043
145,2177
146,840
147,5393
148,4653
149,4459
150,3268
151,4746
152,1381
153,1984
154,154
155,349
156,1853
157,1975
158,5984
159,1588
160,6675
161,74
162,5549
163,4275
164,2535
165,530
166,4611
167,3540
168,5150
169,4228
170,4712
171,5064
172,1221
173,6588
174,5461
175,5267
176,5185
177,6316
178,2041
179,968
180,5653
181,2661
182,2953
183,6486
184,480
185,3065
186,4365
187,5338
188,6399
189,1242
190,4402
191,2133
192,3218
193,5210
194,326
195,5178
196,2856
197,3300
198,481
199,2966
200,3246
201,116
202,3543
203,39
204,4487
205,3145
206,3667
207,5076
208,186
209,1968
210,2435
211,6594
212,1141
213,4533
214,5933
215,6458
216,2980
217,2863
218,5602
219,5928
220,3922
221,1385
222,1647
223,4734
224,5700
225,709
226,2809
227,5979
228,3355
229,1753
230,1695
231,3124
232,1208
233,1334
234,3655
235,921
236,1566
237,6644
238,2709
239,1377
240,977
241,1946
242,4377
243,3905
244,1804
245,5975
246,4030
247,2075
248,3190
249,2467
250,4114
251,4041
252,3393
253,5243
254,937
255,4618
256,4205
257,285
258,3502
259,1000
260,5953
261,3764
262,2481
263,5333
264,1615
265,1278
266,4480
267,2812
268,1238
269,6061
270,1330
271,5385
272,6154
273,225
274,16
275,5850
276,1066
277,3368
278,5317
279,5742
280,3860
281,2645
282,3380
283,3366
284,3876
285,3039
286,4672
287,6302
288,1300
289,4775
290,2056
291,3422
292,3436
293,2618
294,5430
295,1782
296,6308
297,1239
298,5332
299,4951
300,6519
301,3679
302,4331
303,4337
304,1156
305,4994
306,4802
307,2546
308,5963
309,1144
310,6417
311,3158
312,883
313,5456
314,302
315,5095
316,5552
317,674
318,2213
319,3708
320,2105
321,5598
322,1758
323,2175
324,755
325,6128
326,5416
327,3099
328,289
329,5037
330,1614
331,4166
332,1071
333,2291
334,1210
335,5920
336,88
337,3699
338,3269
339,5031
340,4048
341,695
342,5443
343,1924
344,1814
345,4901
346,2288
347,2557
348,5605
349,4932
350,1165
351,5018
352,3000
353,2842
354,2542
355,5367
356,6579
357,3267
358,3140
359,963
360,6290
361,3448
362,802
363,5216
364,2852
365,6546
366,5688
367,1063
368,2821
369,2197
370,6299
371,5592
372,1329
373,6366
374,3205
375,32
376,4757
377,4291
378,1034
379,1645
380,5601
381,1158
382,1480
383,3514
384,4723
385,268
386,4420
387,5111
388,3690
389,821
390,1747
391,2485
392,2078
393,907
394,2610
395,2350
396,6174
397,1438
398,4322
399,5744
400,5575
401,6058
402,3988
403,3491
404,391
405,2327
406,3706
407,294
408,6033
409,3254
410,5108
411,5874
412,183
413,5608
414,3007
415,1470
416,6455
417,3552
418,4812
419,111
420,482
421,232
422,1780
423,3503
424,2008
425,5715
426,1155
427,4490
428,4732
429,6540
430,5124
431,2072
432,6638
433,3346
434,2000
435,5548
436,4893
437,6388
438,2992
439,934
440,5117
441,2828
442,6329
443,2315
444,6157
445,3324
446,1936
447,856
448,6193
449,2496
450,5597
451,4691
452,1
453,5351
454,4261
455,5613
456,3889
457,4137
458,1492
459,4090
460,2561
461,3197
462,6502
463,4816
464,4654
465,2777
466,3763
467,4095
468,3200
469,2879
470,5479
471,2284
472,4707
473,4318
474,4160
475,2859
476,3909
477,196
478,1419
479,4446
480,2785
481,2714
482,5207
483,6016
484,2252
485,2969
486,4999
487,630
488,5125
489,6254
490,5131
491,4524
492,2305
493,404
494,2417
495,5214
496,6326
497,1068
498,6640
499,1429
500,2815
501,3713
502,1964
503,2457
504,606
505,2501
506,1154
507,940
508,5858
509,1917
510,1076
511,6221
512,35
513,3828
514,5129
515,516
516,3939
517,3508
518,1008
519,2604
520,5309
521,2453
522,5435
523,368
524,2215
525,2880
526,1706
527,5600
528,6561
529,2031
530,6285
531,5451
532,5247
533,6606
534,3431
535,6475
536,2893
537,4440
538,4664
539,956
540,2255
541,1534
542,6677
543,1496
544,3559
545,1635
546,871
547,994
548,3674
549,1502
550,1486
551,358
552,5341
553,1143
554,2168
555,2116
556,4272
557,5803
558,4719
559,257
560,479
561,800
562,6489
563,1899
564,5070
565,93
566,5240
567,5244
568,1256
569,2248
570,4341
571,6293
572,406
573,2559
574,2911
575,1058
576,3202
577,5272
578,4534
579,3043
580,5819
581,5429
582,4733
583,5208
584,2035
585,6701
586,701
587,6428
588,2354
589,152
590,126
591,2599
592,4113
593,661
594,4848
595,3090
596,2270
597,280
598,3187
599,1198
600,408
601,5027
602,2896
603,2153
604,2245
605,568
606,1801
607,2243
608,414
609,6122
610,5628
611,3121
612,1980
613,2640
614,1390
615,1646
616,5640
617,1675
618,1052
619,352
620,195
621,5445
622,2562
623,2973
624,1805
625,2813
626,2723
627,3439
628,4369
629,4307
630,1307
631,6487
632,6097
633,5468
634,3841
635,1138
636,6699
637,4729
638,990
639,3850
640,3332
641,2622
642,3223
643,1933
644,5097
645,6105
646,6538
647,2711
648,3257
649,4779
650,4538
651,2216
652,6062
653,596
654,121
655,1596
656,1889
657,5530
658,2981
659,2810
660,4447
661,4532
662,165
663,1932
664,1360
665,6710
666,3135
667,1371
668,3538
669,5735
670,643
671,2876
672,3519
673,2642
674,5251
675,2936
676,4294
677,3276
678,854
679,2174
680,1044
681,2109
682,1205
683,5066
684,1267
685,3381
686,4183
687,1785
688,5299
689,1433
690,75
691,853
692,321
693,6564
694,4880
695,5442
696,4210
697,1756
698,1698
699,5024
700,4461
701,4435
702,1428
703,6348
704,3389
705,1542
706,5022
707,6205
708,969
709,6689
710,5215
711,2519
712,3238
713,629
714,6505
715,4908
716,3325
717,4326
718,4881
719,5644
720,2913
721,6317
722,6013
723,3222
724,1203
725,3693
726,3426
727,2280
728,83
729,5667
730,1622
731,3762
732,5196
733,2798
734,3704
735,3413
736,5102
737,2576
738,2388
739,21
740,3618
741,2986
742,386
743,991
744,4760
745,2119
746,2698
747,3295
748,2884
749,999
750,4605
751,3245
752,1834
753,5873
754,1127
755,6306
756,224
757,1766
758,2552
759,4073
760,2351
761,6156
762,5023
763,1384
764,5405
765,6032
766,2375
767,81
768,5926
769,1536
770,4471
771,6243
772,2154
773,439
774,168
775,1039
776,426
777,2217
778,23
779,2507
780,1723
781,5012
782,4621
783,3428
784,1664
785,5440
786,5423
787,708
788,208
789,2106
790,2652
791,3947
792,334
793,363
794,2588
795,3493
796,6175
797,131
798,350
799,1297
800,5
801,2528
802,2187
803,384
804,5582
805,5277
806,6124
807,1197
808,187
809,3567
810,4615
811,1287
812,4346
813,2926
814,3196
815,2242
816,5961
817,6439
818,2049
819,1042
820,6324
821,130
822,4376
823,4315
824,4640
825,2914
826,252
827,3801
828,5478
829,2223
830,874
831,656
832,2549
833,2834
834,3179
835,3575
836,5148
837,4172
838,3601
839,1896
840,5033
841,470
842,2112
843,2260
844,5680
845,6236
846,1280
847,6657
848,2163
849,1121
850,4808
851,5437
852,4222
853,1064
854,4512
855,2942
856,4219
857,448
858,6605
859,4096
860,5751
861,2132
862,2657
863,1707
864,5371
865,494
866,4028
867,6215
868,4529
869,2152
870,1370
871,2625
872,2634
873,65
874,231
875,3653
876,3761
877,591
878,6168
879,4024
880,6586
881,1658
882,3721
883,5427
884,2887
885,435
886,4897
887,240
888,3698
889,1790
890,4934
891,5655
892,5943
893,4321
894,6384
895,5842
896,3808
897,4482
898,4469
899,19
900,4609
901,1717
902,4941
903,624
904,6407
905,4581
906,776
907,2957
908,1254
909,4781
910,1016
911,2962
912,4136
913,6344
914,5937
915,789
916,767
917,347
918,2201
919,4335
920,430
921,5648
922,2190
923,6570
924,2194
925,3585
926,1957
927,5042
928,4324
929,3173
930,6148
931,5643
932,524
933,3992
934,5363
935,253
936,770
937,1731
938,42
939,2438
940,951
941,2695
942,56
943,4372
944,4565
945,5402
946,3168
947,4050
948,566
949,6525
950,1996
951,3370
952,1811
953,72
954,3258
955,6356
956,505
957,4379
958,2956
959,6262
960,3012
961,6476
962,3859
963,5265
964,3411
965,3832
966,1389
967,6491
968,1091
969,744
970,975
971,2796
972,5820
973,3581
974,869
975,4822
976,2225
977,4835
978,2660
979,3696
980,1597
981,4157
982,4239
983,734
984,5551
985,5685
986,1148
987,3483
988,5337
989,6680
990,4716
991,5596
992,5084
993,1825
994,2066
995,3042
996,300
997,3316
998,3230
999,1713
1000,3147
